Workbook

Sheet WBS
A1: WBS(Work Breakdown Structure)
A2: 겜성코딩 | B2: 3조 | C2: A11yMARKET | F2: 사용자 맞춤형 접근성 프로필을 기반으로 하는 상품 중계 쇼핑몰
A3: 구분 | B3: 공정 | C3: 완료율 | D3: 기간 | E3: 시작 날짜 | F3: 완료 날짜 | G3: 담당자 | H3: 1 | I3: =H3+1 -> 2 | J3: =I3+1 -> 3 | K3: =J3+1 -> 4 | L3: =K3+1 -> 5 | M3: =L3+1 -> 6 | N3: =M3+1 -> 7 | O3: =N3+1 -> 8 | P3: =O3+1 -> 9 | ... BO3: =BN3+1 -> 60
H4: 45951 | I4: =H4+1 -> 45952 | J4: =I4+1 -> 45953 | K4: =J4+1 -> 45954 | L4: =K4+1 -> 45955 | M4: =L4+1 -> 45956 | N4: =M4+1 -> 45957 | O4: =N4+1 -> 45958 | P4: =O4+1 -> 45959 | ... BO4: =BN4+1 -> 46010
A5: 프로젝트 관리 | B5: 프로젝트 수행계획 수립 | C5: 1 | D5: 1 | E5: 45952 | F5: =IF(AND(E5<>"", D5<>""), E5+D5-1, "") -> 45952 | G5: {=_xlfn.TEXTJOIN(", ", TRUE, IF(담당자!C3:I3="O", 담당자!C$2:I$2, ""))} -> 안규태
B6: 중간보고 및 확인 | C6: 1 | D6: 1 | E6: 45997 | F6: =IF(AND(E6<>"", D6<>""), E6+D6-1, "") -> 45997 | G6: {=_xlfn.TEXTJOIN(", ", TRUE, IF(담당자!C5:I5="O", 담당자!C$2:I$2, ""))} -> 안규태
B7: 종료보고 및 확인 | C7: 1 | D7: 1 | E7: 46010 | F7: =IF(AND(E7<>"", D7<>""), E7+D7-1, "") -> 46010 | G7: {=_xlfn.TEXTJOIN(", ", TRUE, IF(담당자!C6:I6="O", 담당자!C$2:I$2, ""))} -> 안규태
A8: 프로젝트 수행 | B8: 주제 확립 및 기획(요구분석) | C8: =IF(COUNTBLANK(C9:C11)=4, "", SUM(C9:C11)/COUNT(C9:C11)) -> 1 | D8: =IF(AND(F8<>"", E8<>""), F8-E8+1, "") -> 11 | E8: =IF(COUNTA(E9:E11)=0,"", MIN(E9:E11)) -> 45951 | F8: =IF(COUNTBLANK(F9:F11)=4,"", MAX(F9:F11)) -> 45961 | G8: {=_xlfn.TEXTJOIN(", ", TRUE, IF(담당자!C7:I7="O", 담당자!C$2:I$2, ""))}
B9: 프로젝트 목표 및 범위 정의 | C9: 1 | D9: 4 | E9: 45951 | F9: =IF(AND(E9<>"", D9<>""), E9+D9-1, "") -> 45954 | G9: {=_xlfn.TEXTJOIN(", ", TRUE, IF(담당자!C8:I8="O", 담당자!C$2:I$2, ""))} -> 팀 전체
B10: 페르소나 및 유저 스토리 작성 | C10: 1 | D10: 2 | E10: 45957 | F10: =IF(AND(E10<>"", D10<>""), E10+D10-1, "") -> 45958 | G10: {=_xlfn.TEXTJOIN(", ", TRUE, IF(담당자!C9:I9="O", 담당자!C$2:I$2, ""))} -> 김수민, 신운용
B11: 요구사항 분석 및 명세 | C11: 1 | D11: 2 | E11: =F10+2 -> 45960 | F11: =IF(AND(E11<>"", D11<>""), E11+D11-1, "") -> 45961 | G11: {=_xlfn.TEXTJOIN(", ", TRUE, IF(담당자!C10:I10="O", 담당자!C$2:I$2, ""))} -> 안규태, 장지훈
B12: 서비스 구조 설계 | C12: =IF(COUNTBLANK(C13:C16)=4, "", SUM(C13:C16)/COUNT(C13:C16)) -> 1 | D12: =IF(AND(F12<>"", E12<>""), F12-E12+1, "") -> 15 | E12: =IF(COUNTA(E13:E16)=0,"", MIN(E13:E16)) -> 45961 | F12: =IF(COUNTBLANK(F13:F16)=4,"", MAX(F13:F16)) -> 45975 | G12: {=_xlfn.TEXTJOIN(", ", TRUE, IF(담당자!C12:I12="O", 담당자!C$2:I$2, ""))}
B13: 시스템 아키텍처 설계 | C13: 1 | D13: 4 | E13: 45962 | F13: =IF(AND(E13<>"", D13<>""), E13+D13-1, "") -> 45965 | G13: {=_xlfn.TEXTJOIN(", ", TRUE, IF(담당자!C13:I13="O", 담당자!C$2:I$2, ""))} -> 안규태
B14: 데이터베이스 설계 | C14: 1 | D14: 4 | E14: 45962 | F14: =IF(AND(E14<>"", D14<>""), E14+D14-1, "") -> 45965 | G14: {=_xlfn.TEXTJOIN(", ", TRUE, IF(담당자!C14:I14="O", 담당자!C$2:I$2, ""))} -> 안규태, 김수민
B15: API 명세서 작성 | C15: 1 | D15: 5 | E15: 45961 | F15: =IF(AND(E15<>"", D15<>""), E15+D15-1, "") -> 45965 | G15: {=_xlfn.TEXTJOIN(", ", TRUE, IF(담당자!C15:I15="O", 담당자!C$2:I$2, ""))} -> 안규태, 백여랑
B16: UI/UX 디자인 | C16: 1 | D16: 15 | E16: 45961 | F16: =IF(AND(E16<>"", D16<>""), E16+D16-1, "") -> 45975 | G16: {=_xlfn.TEXTJOIN(", ", TRUE, IF(담당자!C16:I16="O", 담당자!C$2:I$2, ""))} -> 김수민, 신운용, 장지훈
B17: 개발 환경 구축 | C17: 1 | D17: 1 | E17: 45965 | F17: =IF(AND(E17<>"", D17<>""), E17+D17-1, "") -> 45965 | G17: {=_xlfn.TEXTJOIN(", ", TRUE, IF(담당자!C17:I17="O", 담당자!C$2:I$2, ""))} -> 안규태
B18: 구현 | C18: =IF(COUNTBLANK(C19:C20)=2, "", SUM(C19:C20)/COUNT(C19:C20)) -> 1 | D18: =IF(AND(F18<>"", E18<>""), F18-E18+1, "") -> 31 | E18: =IF(COUNTA(E19:E20)=0,"", MIN(E19:E20)) -> 45966 | F18: =IF(COUNTBLANK(F19:F20)=2,"", MAX(F19:F20)) -> 45996 | G18: {=_xlfn.TEXTJOIN(", ", TRUE, IF(담당자!C18:I18="O", 담당자!C$2:I$2, ""))}
B19: 명세서 기반 백엔드 개발 | C19: 1 | D19: 31 | E19: 45966 | F19: =IF(AND(E19<>"", D19<>""), E19+D19-1, "") -> 45996 | G19: {=_xlfn.TEXTJOIN(", ", TRUE, IF(담당자!C19:I19="O", 담당자!C$2:I$2, ""))} -> 팀 전체
B20: 명세서 기반 프론트엔드 개발 | C20: 1 | D20: 31 | E20: 45966 | F20: =IF(AND(E20<>"", D20<>""), E20+D20-1, "") -> 45996 | G20: {=_xlfn.TEXTJOIN(", ", TRUE, IF(담당자!C20:I20="O", 담당자!C$2:I$2, ""))} -> 팀 전체
B21: 테스트및 QA | C21: =IF(COUNTBLANK(C22:C23)=2, "", SUM(C22:C23)/COUNT(C22:C23)) -> 1 | D21: =IF(AND(F21<>"", E21<>""), F21-E21+1, "") -> 7 | E21: =IF(COUNTA(E22:E23)=0,"", MIN(E22:E23)) -> 45997 | F21: =IF(COUNTBLANK(F22:F23)=2,"", MAX(F22:F23)) -> 46003 | G21: {=_xlfn.TEXTJOIN(", ", TRUE, IF(담당자!C21:I21="O", 담당자!C$2:I$2, ""))}
B22: 통합 테스트 | C22: 1 | D22: 7 | E22: 45997 | F22: =IF(AND(E22<>"", D22<>""), E22+D22-1, "") -> 46003 | G22: {=_xlfn.TEXTJOIN(", ", TRUE, IF(담당자!C22:I22="O", 담당자!C$2:I$2, ""))} -> 안규태
B23: 버그 트래킹 및 수정 | C23: 1 | D23: 7 | E23: 45997 | F23: =IF(AND(E23<>"", D23<>""), E23+D23-1, "") -> 46003 | G23: {=_xlfn.TEXTJOIN(", ", TRUE, IF(담당자!C23:I23="O", 담당자!C$2:I$2, ""))} -> 팀 전체
B24: 배포 | C24: =IF(COUNTBLANK(C25:C26)=2, "", SUM(C25:C26)/COUNT(C25:C26)) -> 1 | D24: =IF(AND(F24<>"", E24<>""), F24-E24+1, "") -> 4 | E24: =IF(COUNTA(E25:E26)=0,"", MIN(E25:E26)) -> 46003 | F24: =IF(COUNTBLANK(F25:F26)=2,"", MAX(F25:F26)) -> 46006 | G24: {=_xlfn.TEXTJOIN(", ", TRUE, IF(담당자!C24:I24="O", 담당자!C$2:I$2, ""))}
B25: 빌드 테이스 및 빌드 | C25: 1 | D25: 4 | E25: 46003 | F25: =IF(AND(E25<>"", D25<>""), E25+D25-1, "") -> 46006 | G25: {=_xlfn.TEXTJOIN(", ", TRUE, IF(담당자!C25:I25="O", 담당자!C$2:I$2, ""))} -> 팀 전체
B26: 배포 환경 구성 | C26: 1 | D26: 4 | E26: 46003 | F26: =IF(AND(E26<>"", D26<>""), E26+D26-1, "") -> 46006 | G26: {=_xlfn.TEXTJOIN(", ", TRUE, IF(담당자!C26:I26="O", 담당자!C$2:I$2, ""))} -> 팀 전체
B27: 프로젝트 마무리 | C27: =IF(COUNTBLANK(C28:C29)=2, "", SUM(C28:C29)/COUNT(C28:C29)) -> 1 | D27: =IF(AND(F27<>"", E27<>""), F27-E27+1, "") -> 4 | E27: =IF(COUNTA(E28:E29)=0,"", MIN(E28:E29)) -> 46006 | F27: =IF(COUNTBLANK(F28:F29)=2,"", MAX(F28:F29)) -> 46009 | G27: {=_xlfn.TEXTJOIN(", ", TRUE, IF(담당자!C24:I24="O", 담당자!C$2:I$2, ""))}
B28: 산출물 문서 확인 | C28: 1 | D28: 4 | E28: 46006 | F28: =IF(AND(E28<>"", D28<>""), E28+D28-1, "") -> 46009 | G28: {=_xlfn.TEXTJOIN(", ", TRUE, IF(담당자!C28:I28="O", 담당자!C$2:I$2, ""))} -> 팀 전체
B29: 기타 요구 제출물 확인 | C29: 1 | D29: 4 | E29: 46006 | F29: =IF(AND(E29<>"", D29<>""), E29+D29-1, "") -> 46009 | G29: {=_xlfn.TEXTJOIN(", ", TRUE, IF(담당자!C29:I29="O", 담당자!C$2:I$2, ""))} -> 팀 전체
O30: MSA 특강

Sheet 팀원
A1: 이름
A2: 안규태
A3: 김수민
A4: 백여랑
A5: 신운용
A6: 장지훈

Sheet 담당자
A1: 구분 | B1: 공정 | C1: 담당자
C2: 팀 전체 | D2: 안규태 | E2: 김수민 | F2: 백여랑 | G2: 신운용 | H2: 장지훈
A3: 프로젝트 관리 | B3: 프로젝트 수행계획 수립 | D3: O
B4: 프로젝트 착수 보고(Kick-Off) | D4: O
B5: 중간보고 및 확인 | D5: O
B6: 종료보고 및 확인 | D6: O
A7: 프로젝트 수행 | B7: 주제 확립 및 기획(요구분석)
B8: 프로젝트 목표 및 범위 정의 | C8: O
B9: 페르소나 및 유저 스토리 작성 | E9: O | G9: O
B10: 기능 요구사항 분석 | D10: O | H10: O
B11: 비기능 요구사항 분석 | D11: O | F11: O
B12: 서비스 구조 설계
B13: 시스템 아키텍처 설계 | D13: O
B14: 데이터베이스 설계 | D14: O | E14: O
B15: API 명세서 작성 | D15: O | F15: O
B16: UI/UX 디자인 | E16: O | G16: O | H16: O
B17: 개발 환경 구축 | D17: O
B18: 구현
B19: 명세서 기반 백엔드 개발 | C19: O
B20: 명세서 기반 프론트엔드 개발 | C20: O
B21: 테스트및 QA
B22: 통합 테스트 | D22: O
B23: 버그 트래킹 및 수정 | C23: O
B24: 배포
B25: 빌드 테이스 및 빌드 | C25: O
B26: 배포 환경 구성 | C26: O
B27: 프로젝트 마무리
B28: 산출물 문서 확인 | C28: O
B29: 기타 요구 제출물 확인 | C29: O
B30: 배포
B31: 빌드 테이스 및 빌드 | C31: O
B32: 배포 환경 구성 | C32: O
